feature,importance
CreditScore,0.21013226508394273
Balance,0.1860138780208439
HasCrCard,0.07518355308360183
Age,0.005662966052510177
IsActiveMember,0.002286514599804823
Geography,0.0014692484077377887
Tenure,0.00130351526534912
NumOfProducts,0.0012560813799203708
EstimatedSalary,-0.0027255452332343388
