feature,importance
CreditScore,0.23617835814007065
Balance,0.181084346089217
HasCrCard,0.1040028724171064
Tenure,0.012390452981835897
EstimatedSalary,0.008196675735486747
Age,0.007606227298764656
Geography,0.003676709562939795
IsActiveMember,0.0031367873088147926
NumOfProducts,-0.0004183748554609457
