feature,importance
CreditScore,0.20277828861957103
Balance,0.17835840902734143
HasCrCard,0.061047995065066994
EstimatedSalary,0.04241427459530715
Tenure,0.028214386577091057
IsActiveMember,0.0024244592899629546
Geography,-0.0008886042820333672
Age,-0.004955116985332663
NumOfProducts,-0.004984270916857469
