feature,importance
CreditScore,0.2103932802295816
Balance,0.16566656067252
HasCrCard,0.1062528699500914
EstimatedSalary,0.0026310625420792543
Tenure,0.0024843319585218905
Age,0.0017267402835999368
NumOfProducts,-1.2850675281228519e-05
IsActiveMember,-0.0014445798430847922
Geography,-0.0018541886623154146
