feature,importance
CreditScore,0.20364184056896178
Balance,0.17501890936010325
HasCrCard,0.10425482183726562
EstimatedSalary,0.0067409052785440075
Age,0.002990274328563891
Geography,-0.0006363148664167984
IsActiveMember,-0.0011277901048026395
NumOfProducts,-0.0019536535196994055
Tenure,-0.0020018917570335804
