feature,importance
CreditScore,0.2164011359594764
Balance,0.17130981436970502
HasCrCard,0.10720880833068765
EstimatedSalary,0.05772470652022044
Tenure,0.052430120783658406
Age,0.03320417165547105
Geography,0.027177440074707283
IsActiveMember,0.004599253717760088
NumOfProducts,0.0010342887944320145
