{
    "f1": 0.584126984126984,
    "r2": 0.1522078191031524,
    "roc_auc": 0.8536458299626584
}