{
    "f1": 0.5853051058530511,
    "roc_auc": 0.8584949537464428
}