{
    "f1": 0.5853051058530511,
    "r2": 0.16372925521174986,
    "roc_auc": 0.8584949537464428
}