{
    "f1": 0.514003294892916,
    "r2": 0.11400236666486474,
    "roc_auc": 0.8438391628974226
}