{
    "f1": 0.5140186915887851,
    "r2": 0.10341654239938203,
    "roc_auc": 0.845199127743691
}