{
    "f1": 0.5084033613445378,
    "r2": 0.09288027311798508,
    "roc_auc": 0.8363359599316689
}