{
    "f1": 0.5750528541226215,
    "r2": 0.14525310713961737,
    "roc_auc": 0.8499150214324593
}