{
    "f1": 0.5264550264550265,
    "r2": 0.12324011269548307,
    "roc_auc": 0.8434841556263494
}