{
    "f1": 0.584126984126984,
    "roc_auc": 0.8536458299626584
}